{"education":{"constant":18.6629428164,"early":-1.3489165808,"late":-1.6284167159,"short":-1.7546886343,"long":-1.1359668509,"travel_time":-1},"leisure":{"constant":8.7437932842,"early":-0.0995770597,"late":-0.2387485165,"short":-0.1013328239,"long":-0.0799937948,"travel_time":-1},"shopping":{"constant":10.5043750761,"early":-1.0071229174,"late":-0.8583439739,"short":-1.8063051146,"long":-0.6829441689,"travel_time":-1},"work":{"constant":13.0838530926,"early":-0.618657816,"late":-0.3384943975,"short":-0.9319615942,"long":-1.223996357,"travel_time":-1},"home":{"constant":0.0,"early":0.0,"late":0.0,"short":0.0,"long":0.0,"travel_time":-1}}